<?xml version="1.0" encoding="UTF-8"?>
<project-private xmlns="http://www.netbeans.org/ns/project-private/1">
    <editor-bookmarks xmlns="http://www.netbeans.org/ns/editor-bookmarks/2" lastBookmarkId="0"/>
    <open-files xmlns="http://www.netbeans.org/ns/projectui-open-files/2">
        <group>
            <file>file:/D:/Documents/Uni/2017/Sem%201/ICT373%20-%20Software%20Architectures/Assignments/2/Assignment2/src/assignment2/Address.java</file>
            <file>file:/D:/Documents/Uni/2017/Sem%201/ICT373%20-%20Software%20Architectures/Assignments/2/Assignment2/src/assignment2/GUI.java</file>
            <file>file:/D:/Documents/Uni/2017/Sem%201/ICT373%20-%20Software%20Architectures/Assignments/2/Assignment2/src/assignment2/FMember.java</file>
            <file>file:/D:/Documents/Uni/2017/Sem%201/ICT373%20-%20Software%20Architectures/Assignments/2/Assignment2/src/assignment2/Assignment2.java</file>
            <file>file:/D:/Documents/Uni/2017/Sem%201/ICT373%20-%20Software%20Architectures/Assignments/2/Assignment2/src/assignment2/FTree.java</file>
        </group>
    </open-files>
</project-private>
